companyName,companySize,tagline,title,details,sizeCategory,located,Manager,Technical,Technical Manager,Only Technical,Only Manager,Neither,Company size
Recurate | Resale Made Easy,11-50 EMPLOYEES,Recurate enables a beautifully integrated resale marketplace directly on ecommerce stores,Brand Success Manager,Remote possible ‚Ä¢ $60k ‚Äì $85k,Medium,False,1,0,0,False,True,False,35
batelle.com,11-50 EMPLOYEES,"Teach parents how to put their children to bed in under 5 minutes, within a week",Senior Sales Consultant,Remote possible ‚Ä¢ $45k ‚Äì $65k,Medium,False,0,0,0,False,False,True,35
Stellic,11-50 EMPLOYEES,Powering the path to graduation,"VP, Sales",San Francisco Bay Area ‚Ä¢ Remote possible ‚Ä¢ $280k ‚Äì $360k ‚Ä¢ 0.25% ‚Äì 0.5%,Medium,True,0,0,0,False,False,True,35
Stellic,11-50 EMPLOYEES,Powering the path to graduation,Head of Partner Success,San Francisco ‚Ä¢ Remote possible ‚Ä¢ $110k ‚Äì $170k ‚Ä¢ 0.1% ‚Äì 0.4%,Medium,True,1,0,0,False,True,False,35
Stellic,11-50 EMPLOYEES,Powering the path to graduation,Head of Marketing,San Francisco ‚Ä¢ San Francisco Bay Area ‚Ä¢ Remote possible ‚Ä¢ $125k ‚Äì $200k ‚Ä¢ 0.2% ‚Äì 0.6%,Medium,True,1,0,0,False,True,False,35
WREX (Global B2B Marketplace),11-50 EMPLOYEES,Using AI/ML technology to transform the Real Estate industry. Join the Evolution,VP of Sales for Global B2B Marketplace (AI Tech Real Estate),New York City ‚Ä¢ London ‚Ä¢ New York ‚Ä¢ Remote possible ‚Ä¢ $250k ‚Äì $330k ‚Ä¢ 1.0% ‚Äì 3.0%,Medium,True,1,0,0,False,True,False,35
WREX (Global B2B Marketplace),11-50 EMPLOYEES,Using AI/ML technology to transform the Real Estate industry. Join the Evolution,Software Developer required for Global B2B Marketplace (AI/ML Tech Real Estate),California ‚Ä¢ Los Angeles ‚Ä¢ New York City ‚Ä¢ Remote possible ‚Ä¢ $80k ‚Äì $150k ‚Ä¢ 1.0% ‚Äì 5.0%,Medium,True,0,1,0,True,False,False,35
WREX (Global B2B Marketplace),11-50 EMPLOYEES,Using AI/ML technology to transform the Real Estate industry. Join the Evolution,Marketing Manager sought for Global B2B Marketplace (AI Tech Real Estate),Los Angeles ‚Ä¢ San Francisco ‚Ä¢ London ‚Ä¢ Remote possible ‚Ä¢ $60k ‚Äì $80k ‚Ä¢ 1.0% ‚Äì 3.0%,Medium,True,1,0,0,False,True,False,35
Prophecy.io,11-50 EMPLOYEES,Low Code Data Engineering,VP Marketing,Palo Alto ‚Ä¢ $250k ‚Äì $320k ‚Ä¢ 0.5% ‚Äì 1.0%,Medium,True,1,0,0,False,True,False,35
Prophecy.io,11-50 EMPLOYEES,Low Code Data Engineering,Director of Product Marketing,Palo Alto ‚Ä¢ $150k ‚Äì $180k ‚Ä¢ 0.1% ‚Äì 0.1%,Medium,True,1,1,1,False,False,False,35
Prophecy.io,11-50 EMPLOYEES,Low Code Data Engineering,Staff Data Engineer - Product Development,Palo Alto ‚Ä¢ $200k ‚Äì $240k ‚Ä¢ 0.1% ‚Äì 0.2%,Medium,True,0,1,0,True,False,False,35
Repool (YC S21),1-10 EMPLOYEES,Making hedge funds easy to create and join. For everyone,Head of Marketing,New York City ‚Ä¢ Brooklyn ‚Ä¢ San Francisco Bay Area ‚Ä¢ $130k ‚Äì $180k ‚Ä¢ 1.0% ‚Äì 1.5%,Small,True,1,0,0,False,True,False,5
Repool (YC S21),1-10 EMPLOYEES,Making hedge funds easy to create and join. For everyone,Senior Software Engineer (early hire),New York City ‚Ä¢ San Francisco Bay Area ‚Ä¢ $170k ‚Äì $210k ‚Ä¢ 1.0% ‚Äì 2.5%,Small,True,0,1,0,True,False,False,5
Lively,51-200 EMPLOYEES,The Modern Health Savings Account,"Director, Product Operations",San Francisco Bay Area ‚Ä¢ Remote possible ‚Ä¢ $150k ‚Äì $200k ‚Ä¢ 0.06% ‚Äì 0.075%,Large,True,1,1,1,False,False,False,125
Lively,51-200 EMPLOYEES,The Modern Health Savings Account,Sr. Information Security Manager,San Francisco Bay Area ‚Ä¢ Remote possible ‚Ä¢ $105k ‚Äì $140k ‚Ä¢ 0.016% ‚Äì 0.02%,Large,True,1,0,0,False,True,False,125
Lively,51-200 EMPLOYEES,The Modern Health Savings Account,Sr. Product Manager,San Francisco Bay Area ‚Ä¢ Remote possible ‚Ä¢ $150k ‚Äì $185k ‚Ä¢ 0.044% ‚Äì 0.055%,Large,True,1,0,0,False,True,False,125
Mosaic,11-50 EMPLOYEES,Mosaic manages and optimizes who is working on what and when,Design Director,New York City ‚Ä¢ Remote possible ‚Ä¢ $150k ‚Äì $225k ‚Ä¢ 0.25% ‚Äì 0.75%,Medium,True,1,1,1,False,False,False,35
Mosaic,11-50 EMPLOYEES,Mosaic manages and optimizes who is working on what and when,Sales Development Representative,New York City ‚Ä¢ Remote possible ‚Ä¢ $55k ‚Äì $75k ‚Ä¢ 0.05% ‚Äì 0.15%,Medium,True,0,0,0,False,False,True,35
Mosaic,11-50 EMPLOYEES,Mosaic manages and optimizes who is working on what and when,Lead Backend Engineer - Integrations,New York City ‚Ä¢ Remote possible ‚Ä¢ $160k ‚Äì $190k,Medium,True,1,1,1,False,False,False,35
Pngme,11-50 EMPLOYEES,Unified financial data for 3.3 billion people,Senior Software Engineer - Full Stack,San Francisco,Medium,True,0,1,0,True,False,False,35
Pngme,11-50 EMPLOYEES,Unified financial data for 3.3 billion people,"Lead Engineer, SRE (Remote)",San Francisco ‚Ä¢ Remote possible ‚Ä¢ $160k ‚Äì $190k,Medium,True,1,1,1,False,False,False,35
Pngme,11-50 EMPLOYEES,Unified financial data for 3.3 billion people,Senior Mobile Engineer,San Francisco,Medium,True,0,1,0,True,False,False,35
"Nav Technologies, Inc",51-200 EMPLOYEES,Help Us Do Amazing Things for Small Business in America!,"Sr. Director of Brand Strategy- Remote within the US or In Office (PA, CA, UT)",Seattle ‚Ä¢ United States ‚Ä¢ San Francisco ‚Ä¢ Remote possible ‚Ä¢ $150k ‚Äì $190k,Large,True,1,1,1,False,False,False,125
"Nav Technologies, Inc",51-200 EMPLOYEES,Help Us Do Amazing Things for Small Business in America!,Senior Product Designer UX/UI - Remote within the US or In Office,Salt Lake City ‚Ä¢ Draper ‚Ä¢ Remote ‚Ä¢ Remote possible ‚Ä¢ $110k ‚Äì $125k,Large,True,0,0,0,False,False,True,125
"Nav Technologies, Inc",51-200 EMPLOYEES,Help Us Do Amazing Things for Small Business in America!,"UX Designer - Remote within the US or In Office (PA, CA, UT)",San Francisco ‚Ä¢ Santa Monica ‚Ä¢ San Francisco Bay Area ‚Ä¢ Remote possible ‚Ä¢ $90k ‚Äì $110k,Large,True,0,0,0,False,False,True,125
LearnToWin,11-50 EMPLOYEES,Learning and Analytics Platform for Elite Performance,"Senior Site Reliability Engineer (DevOps Engineer, Production Engineer)",San Francisco ‚Ä¢ Remote possible ‚Ä¢ $145k ‚Äì $165k ‚Ä¢ 0.1% ‚Äì 0.6%,Medium,True,0,1,0,True,False,False,35
XCLAIM,11-50 EMPLOYEES,To be the world's leading exchange for the global debt markets,Product Manager,Los Angeles ‚Ä¢ Remote possible ‚Ä¢ $120k ‚Äì $150k ‚Ä¢ 0.0% ‚Äì 0.2%,Medium,True,1,0,0,False,True,False,35
The Black Tux,201-500 EMPLOYEES,"Tuxedos and suits, for rent and for keeps",Head of Consumer Insights,Remote possible,X-Large,False,1,0,0,False,True,False,350
Skydog Ops,1-10 EMPLOYEES,On-Demand Salesforce + Revenue Ops Consulting,Salesforce + RevOps Consultant | Work with High-Growth Startups,Remote possible ‚Ä¢ $68k ‚Äì $100k,Small,False,0,0,0,False,False,True,5
Plate IQ,51-200 EMPLOYEES,AP Automation & Expense Management For Fast Growing Businesses,Back End Engineer (Fintech and Payments),Canada ‚Ä¢ Mexico ‚Ä¢ United States ‚Ä¢ Remote possible ‚Ä¢ $120k ‚Äì $180k ‚Ä¢ 0.01% ‚Äì 0.02%,Large,True,0,1,0,True,False,False,125
Plate IQ,51-200 EMPLOYEES,AP Automation & Expense Management For Fast Growing Businesses,Customer Success Associate/Manager,San Francisco ‚Ä¢ Remote possible ‚Ä¢ $60k ‚Äì $80k,Large,True,1,0,0,False,True,False,125
Plate IQ,51-200 EMPLOYEES,AP Automation & Expense Management For Fast Growing Businesses,Sales Development Representative,New York City ‚Ä¢ Remote possible ‚Ä¢ $40k ‚Äì $56k,Large,True,0,0,0,False,False,True,125
The.com,11-50 EMPLOYEES,Make and share websites,Content Designer,New York City ‚Ä¢ San Francisco ‚Ä¢ Remote possible ‚Ä¢ $45k ‚Äì $90k ‚Ä¢ No equity,Medium,True,0,0,0,False,False,True,35
The.com,11-50 EMPLOYEES,Make and share websites,Software Engineer,Boulder ‚Ä¢ Los Angeles ‚Ä¢ San Francisco Bay Area ‚Ä¢ Remote possible ‚Ä¢ $150k ‚Äì $220k ‚Ä¢ 0.1% ‚Äì 1.0%,Medium,True,0,1,0,True,False,False,35
Zeplin,51-200 EMPLOYEES,"The better way to share, organize and collaborate on designs‚Äîbuilt with developers in mind",Sr. Product Manager,New York City ‚Ä¢ United States ‚Ä¢ Remote possible ‚Ä¢ $150k ‚Äì $200k,Large,True,1,0,0,False,True,False,125
Zeplin,51-200 EMPLOYEES,"The better way to share, organize and collaborate on designs‚Äîbuilt with developers in mind",Product Designer,California ‚Ä¢ United States ‚Ä¢ San Francisco ‚Ä¢ Remote possible ‚Ä¢ $120k ‚Äì $175k,Large,True,0,0,0,False,False,True,125
Zeplin,51-200 EMPLOYEES,"The better way to share, organize and collaborate on designs‚Äîbuilt with developers in mind","Software Engineer, Design Integrations",California ‚Ä¢ United States ‚Ä¢ San Francisco ‚Ä¢ Remote possible ‚Ä¢ $140k ‚Äì $200k,Large,True,0,1,0,True,False,False,125
Guide,1-10 EMPLOYEES,A new way to win candidates over your competitors,Senior Software Engineer,San Francisco ‚Ä¢ Remote possible ‚Ä¢ $150k ‚Äì $225k ‚Ä¢ 0.1% ‚Äì 0.25%,Small,True,0,1,0,True,False,False,5
StackSource,11-50 EMPLOYEES,"Commercial real estate financing, online",Full Stack Software Engineer,New York City ‚Ä¢ Remote ‚Ä¢ Remote possible ‚Ä¢ $115k ‚Äì $135k ‚Ä¢ 0.1% ‚Äì 0.25%,Medium,True,0,1,0,True,False,False,35
StackSource,11-50 EMPLOYEES,"Commercial real estate financing, online",Sr Software Engineer,New York City ‚Ä¢ Orlando ‚Ä¢ Remote possible ‚Ä¢ $125k ‚Äì $145k ‚Ä¢ 0.05% ‚Äì 0.15%,Medium,True,0,1,0,True,False,False,35
StackSource,11-50 EMPLOYEES,"Commercial real estate financing, online",Senior Analyst,Los Angeles County ‚Ä¢ $75k ‚Äì $100k ‚Ä¢ 0.05% ‚Äì 0.15%,Medium,True,0,0,0,False,False,True,35
Orbit,11-50 EMPLOYEES,Mission Control for your Comunity ¬∑ we're hiring!,Account Executive,New York City ‚Ä¢ San Francisco ‚Ä¢ Remote ‚Ä¢ Remote possible ‚Ä¢ $150k ‚Äì $200k ‚Ä¢ 0.01% ‚Äì 0.25%,Medium,True,0,0,0,False,False,True,35
OpenEnvoy,11-50 EMPLOYEES,Automated Accounts Payable,Director of Operations,Oakland ‚Ä¢ Remote possible ‚Ä¢ $120k ‚Äì $150k,Medium,True,1,1,1,False,False,False,35
OpenEnvoy,11-50 EMPLOYEES,Automated Accounts Payable,Head of Product Marketing,Oakland ‚Ä¢ Remote possible ‚Ä¢ $130k ‚Äì $165k,Medium,True,1,0,0,False,True,False,35
OpenEnvoy,11-50 EMPLOYEES,Automated Accounts Payable,Sales Development Representative,Oakland ‚Ä¢ Remote possible ‚Ä¢ $50k ‚Äì $50k,Medium,True,0,0,0,False,False,True,35
Iron Plans (YC S20),1-10 EMPLOYEES,"Subscriptions, usage-based billing, & teams for SaaS apps",Sales Development Representative (Contract),San Francisco Bay Area ‚Ä¢ Remote possible ‚Ä¢ $50k ‚Äì $80k ‚Ä¢ No equity,Small,True,0,0,0,False,False,True,5
Iron Plans (YC S20),1-10 EMPLOYEES,"Subscriptions, usage-based billing, & teams for SaaS apps",Demand Gen Lead,San Francisco Bay Area ‚Ä¢ Remote possible ‚Ä¢ $80k ‚Äì $140k ‚Ä¢ 0.25% ‚Äì 1.5%,Small,True,1,0,0,False,True,False,5
Iron Plans (YC S20),1-10 EMPLOYEES,"Subscriptions, usage-based billing, & teams for SaaS apps",Founding Full Stack Engineer,San Francisco Bay Area ‚Ä¢ Remote possible ‚Ä¢ $105k ‚Äì $150k ‚Ä¢ 0.5% ‚Äì 2.0%,Small,True,0,1,0,True,False,False,5
Ampla,11-50 EMPLOYEES,Fintech Solutions for Emerging Consumer Brands,Lead Engineer for Fintech Startup,New York City ‚Ä¢ Remote possible ‚Ä¢ $150k ‚Äì $200k,Medium,True,1,1,1,False,False,False,35
Ampla,11-50 EMPLOYEES,Fintech Solutions for Emerging Consumer Brands,"Product Manager, Finance",New York City ‚Ä¢ $110k ‚Äì $150k AngelList Est.,Medium,True,1,0,0,False,True,False,35
Ampla,11-50 EMPLOYEES,Fintech Solutions for Emerging Consumer Brands,Associate Product Manager,New York City ‚Ä¢ $70k ‚Äì $105k AngelList Est.,Medium,True,1,0,0,False,True,False,35
CREAM and Partners,11-50 EMPLOYEES,New Age Incubator and Investment Firm of Blockchain and Cryptocurrency Projects,Investment Analyst/Associate,Remote possible,Medium,False,0,0,0,False,False,True,35
Altonomy,51-200 EMPLOYEES,Financial services for the Cryptocurrency industry,Blockchain Developer,Remote possible ‚Ä¢ $80k ‚Äì $120k ‚Ä¢ No equity,Large,False,0,1,0,True,False,False,125
Range,11-50 EMPLOYEES,"Range keeps your team connected, focused, and productive no matter where they‚Äôre working",Product Marketing Lead,San Francisco ‚Ä¢ Remote ‚Ä¢ Remote possible ‚Ä¢ $110k ‚Äì $150k ‚Ä¢ 0.1% ‚Äì 0.5%,Medium,True,1,0,0,False,True,False,35
Range,11-50 EMPLOYEES,"Range keeps your team connected, focused, and productive no matter where they‚Äôre working",Backend Engineer,United States ‚Ä¢ Remote possible ‚Ä¢ $130k ‚Äì $160k ‚Ä¢ 0.35% ‚Äì 0.75%,Medium,True,0,1,0,True,False,False,35
The Third Place,1-10 EMPLOYEES,Opinionated software for opinionated local businesses,Senior Software Engineer,San Francisco ‚Ä¢ Remote possible ‚Ä¢ $150k ‚Äì $200k ‚Ä¢ 0.2% ‚Äì 0.5%,Small,True,0,1,0,True,False,False,5
Fuzzbuzz,1-10 EMPLOYEES,Fuzzing as a Service,Backend Software Engineer,Redwood City ‚Ä¢ San Francisco Bay Area ‚Ä¢ Remote possible ‚Ä¢ $145k ‚Äì $175k ‚Ä¢ 0.1% ‚Äì 0.35%,Small,True,0,1,0,True,False,False,5
Fuzzbuzz,1-10 EMPLOYEES,Fuzzing as a Service,Developer Advocate,Redwood City ‚Ä¢ San Francisco Bay Area ‚Ä¢ Remote possible ‚Ä¢ $145k ‚Äì $200k ‚Ä¢ 0.1% ‚Äì 1.0%,Small,True,0,1,0,True,False,False,5
Fuzzbuzz,1-10 EMPLOYEES,Fuzzing as a Service,Full Stack Software Engineer,San Francisco Bay Area ‚Ä¢ Remote possible ‚Ä¢ $145k ‚Äì $175k ‚Ä¢ 0.1% ‚Äì 0.35%,Small,True,0,1,0,True,False,False,5
SecurityPal,51-200 EMPLOYEES,Security-Questionnaires-as-a-Service,Sales Development Representative,San Francisco ‚Ä¢ Remote possible ‚Ä¢ $50k ‚Äì $60k,Large,True,0,0,0,False,False,True,125
SecurityPal,51-200 EMPLOYEES,Security-Questionnaires-as-a-Service,Account Executive,New York City ‚Ä¢ San Francisco ‚Ä¢ Remote possible ‚Ä¢ $150k ‚Äì $230k,Large,True,0,0,0,False,False,True,125
Exabyte.io,1-10 EMPLOYEES,The world's materials R&D colab,üßë‚Äçü§ù‚Äçüßë Scientific Community Evangelist üßë‚Äçü§ù‚Äçüßë,Silicon Valley ‚Ä¢ San Francisco ‚Ä¢ San Francisco Bay Area ‚Ä¢ Remote possible ‚Ä¢ $90k ‚Äì $140k ‚Ä¢ 0.1% ‚Äì 0.5%,Small,True,0,0,0,False,False,True,5
Exabyte.io,1-10 EMPLOYEES,The world's materials R&D colab,üíé Head of Design üíé,San Francisco ‚Ä¢ Oakland ‚Ä¢ San Francisco Bay Area ‚Ä¢ $100k ‚Äì $180k ‚Ä¢ 0.1% ‚Äì 0.5%,Small,True,1,0,0,False,True,False,5
Exabyte.io,1-10 EMPLOYEES,The world's materials R&D colab,üéàHead of Marketingüéà,Silicon Valley ‚Ä¢ San Francisco ‚Ä¢ San Francisco Bay Area ‚Ä¢ $120k ‚Äì $160k ‚Ä¢ 0.5% ‚Äì 1.5%,Small,True,1,0,0,False,True,False,5
Blue Orange Digital,51-200 EMPLOYEES,Blue Orange is a data science and machine learning consulting and development firm,Director of Talent,Alexandria ‚Ä¢ $130k ‚Äì $150k ‚Ä¢ No equity,Large,True,1,1,1,False,False,False,125
Blue Orange Digital,51-200 EMPLOYEES,Blue Orange is a data science and machine learning consulting and development firm,Director of Operations,New York City ‚Ä¢ New York ‚Ä¢ Manhattan ‚Ä¢ $120k ‚Äì $130k,Large,True,1,1,1,False,False,False,125
Blue Orange Digital,51-200 EMPLOYEES,Blue Orange is a data science and machine learning consulting and development firm,Data Engineer (Remote),Brazil ‚Ä¢ Mexico ‚Ä¢ Colombia ‚Ä¢ Remote possible ‚Ä¢ $42k ‚Äì $84k ‚Ä¢ No equity,Large,True,0,1,0,True,False,False,125
Bitwise Asset Management,51-200 EMPLOYEES,Making it easier for anyone to invest in cryptocurrency,Full Stack Software Engineer,United States ‚Ä¢ Remote possible ‚Ä¢ $100k ‚Äì $180k,Large,True,0,1,0,True,False,False,125
Sila,51-200 EMPLOYEES,Making money programmable,Sr. Blockchain Engineer,Portland ‚Ä¢ United States ‚Ä¢ Remote ‚Ä¢ Remote possible ‚Ä¢ $135k ‚Äì $160k,Large,True,0,1,0,True,False,False,125
Sila,51-200 EMPLOYEES,Making money programmable,API Sales - Account Executive,Portland ‚Ä¢ Remote possible ‚Ä¢ $60k ‚Äì $120k,Large,True,0,0,0,False,False,True,125
Sila,51-200 EMPLOYEES,Making money programmable,"Backend Engineer (Python, AWS, incorporates commercial blockchain)",Portland ‚Ä¢ Remote possible ‚Ä¢ $75k ‚Äì $110k,Large,True,0,1,0,True,False,False,125
Apptopia,51-200 EMPLOYEES,Quantcast for Apps. Accurate market intelligence on the global app ecosystem,Senior UI Designer,United States ‚Ä¢ Remote possible ‚Ä¢ $100k ‚Äì $120k ‚Ä¢ 0.01% ‚Äì 0.05%,Large,True,0,0,0,False,False,True,125
Apptopia,51-200 EMPLOYEES,Quantcast for Apps. Accurate market intelligence on the global app ecosystem,Talent Development Manager,Boston ‚Ä¢ New York City ‚Ä¢ Philadelphia ‚Ä¢ Remote possible ‚Ä¢ $100k ‚Äì $120k ‚Ä¢ 0.1% ‚Äì 0.5%,Large,True,1,0,0,False,True,False,125
Apptopia,51-200 EMPLOYEES,Quantcast for Apps. Accurate market intelligence on the global app ecosystem,Senior Account Executive,Boston ‚Ä¢ New York City ‚Ä¢ Philadelphia ‚Ä¢ Remote possible ‚Ä¢ $125k ‚Äì $200k ‚Ä¢ 0.1% ‚Äì 0.5%,Large,True,0,0,0,False,False,True,125
Creative Juice,1-10 EMPLOYEES,Banking for the creator economy,Backend Engineer,New York City ‚Ä¢ Washington DC ‚Ä¢ San Francisco ‚Ä¢ Remote possible ‚Ä¢ $115k ‚Äì $140k,Small,True,0,1,0,True,False,False,5
Creative Juice,1-10 EMPLOYEES,Banking for the creator economy,Full Stack Engineer,New York City ‚Ä¢ Washington DC ‚Ä¢ San Francisco ‚Ä¢ Remote possible ‚Ä¢ $115k ‚Äì $140k,Small,True,0,1,0,True,False,False,5
InDebted,51-200 EMPLOYEES,"To be the preferred choice of customers to support their debt free journey, everywhere",Customer Engagement Specialist 2nd Shift 1pm to 10pm,,Large,False,0,0,0,False,False,True,125
InDebted,51-200 EMPLOYEES,"To be the preferred choice of customers to support their debt free journey, everywhere",Customer Engagement Specialist 1st Shift 7am to 4pm,,Large,False,0,0,0,False,False,True,125
FairStreet,1-10 EMPLOYEES,Improving healthcare for older adults,Full Stack Software Engineer,San Francisco ‚Ä¢ Remote ‚Ä¢ Remote possible ‚Ä¢ $110k ‚Äì $160k ‚Ä¢ 0.35% ‚Äì 1.0%,Small,True,0,1,0,True,False,False,5
GoSite,51-200 EMPLOYEES,The easiest way to connect your business with more customers,Technical Recruiting Lead (remote),San Francisco ‚Ä¢ Remote possible ‚Ä¢ $115k ‚Äì $150k,Large,True,1,0,0,False,True,False,125
GoSite,51-200 EMPLOYEES,The easiest way to connect your business with more customers,Senior Mobile Engineer,San Francisco ‚Ä¢ $125k ‚Äì $180k AngelList Est.,Large,True,0,1,0,True,False,False,125
GoSite,51-200 EMPLOYEES,The easiest way to connect your business with more customers,Senior DevOps Engineer,San Francisco ‚Ä¢ $110k ‚Äì $155k AngelList Est.,Large,True,0,1,0,True,False,False,125
Dashbot,11-50 EMPLOYEES,Conversational Data Cloud,Account Executive,San Francisco ‚Ä¢ Remote possible ‚Ä¢ $80k ‚Äì $100k ‚Ä¢ 0.05% ‚Äì 0.1%,Medium,True,0,0,0,False,False,True,35
Dashbot,11-50 EMPLOYEES,Conversational Data Cloud,Sales Development Representative,San Francisco ‚Ä¢ Remote possible ‚Ä¢ $60k ‚Äì $80k ‚Ä¢ 0.04% ‚Äì 0.05%,Medium,True,0,0,0,False,False,True,35
Dashbot,11-50 EMPLOYEES,Conversational Data Cloud,Product Designer,San Francisco ‚Ä¢ Remote possible ‚Ä¢ $90k ‚Äì $120k ‚Ä¢ 0.1% ‚Äì 0.2%,Medium,True,0,0,0,False,False,True,35
Lightyear,11-50 EMPLOYEES,Enterprise telecom simplified,Head of Product Design,Austin ‚Ä¢ New York City ‚Ä¢ San Francisco ‚Ä¢ Remote possible ‚Ä¢ $120k ‚Äì $200k,Medium,True,1,0,0,False,True,False,35
Lightyear,11-50 EMPLOYEES,Enterprise telecom simplified,Head of Recruiting,Austin ‚Ä¢ New York City ‚Ä¢ San Francisco ‚Ä¢ Remote possible ‚Ä¢ $100k ‚Äì $150k,Medium,True,1,0,0,False,True,False,35
Lightyear,11-50 EMPLOYEES,Enterprise telecom simplified,Full Stack Software Engineer,Austin ‚Ä¢ New York City ‚Ä¢ San Francisco ‚Ä¢ Remote possible ‚Ä¢ $120k ‚Äì $200k,Medium,True,0,1,0,True,False,False,35
Runway,1-10 EMPLOYEES,Air traffic control for mobile releases,Marketing & Growth Lead,New York City ‚Ä¢ Remote possible ‚Ä¢ $90k ‚Äì $160k ‚Ä¢ 0.0% ‚Äì 1.0%,Small,True,1,0,0,False,True,False,5
Runway,1-10 EMPLOYEES,Air traffic control for mobile releases,Software Engineer,New York City ‚Ä¢ Remote possible ‚Ä¢ $110k ‚Äì $180k ‚Ä¢ 0.0% ‚Äì 1.5%,Small,True,0,1,0,True,False,False,5
WhyHotel,51-200 EMPLOYEES,More than just a space to spend the night-a place to call home for as long as you're here!,"Senior Analyst, Acquisitions & Development (Remote)",Miami ‚Ä¢ New York City ‚Ä¢ Washington DC ‚Ä¢ Nashville ‚Ä¢ Tysons ‚Ä¢ Remote possible ‚Ä¢ $90k ‚Äì $100k,Large,True,0,0,0,False,False,True,125
WhyHotel,51-200 EMPLOYEES,More than just a space to spend the night-a place to call home for as long as you're here!,"VP, Real Estate Platform Partnerships (Remote)",Miami ‚Ä¢ New York City ‚Ä¢ Washington DC ‚Ä¢ Nashville ‚Ä¢ Tysons ‚Ä¢ Remote possible ‚Ä¢ $235k ‚Äì $285k AngelList Est.,Large,True,0,0,0,False,False,True,125
WhyHotel,51-200 EMPLOYEES,More than just a space to spend the night-a place to call home for as long as you're here!,Revenue and Distribution Associate (Senior Analyst) (Remote),Washington DC ‚Ä¢ Remote possible ‚Ä¢ $75k ‚Äì $75k,Large,True,0,0,0,False,False,True,125
QuillBot,51-200 EMPLOYEES,Making Writing Painless,Head of Content Marketing,Chicago ‚Ä¢ Remote possible ‚Ä¢ $120k ‚Äì $160k ‚Ä¢ No equity,Large,True,1,0,0,False,True,False,125
QuillBot,51-200 EMPLOYEES,Making Writing Painless,UX Researcher,Chicago ‚Ä¢ $60k ‚Äì $100k ‚Ä¢ No equity,Large,True,0,0,0,False,False,True,125
QuillBot,51-200 EMPLOYEES,Making Writing Painless,Senior Full Stack Engineer,Jaipur ‚Ä¢ Remote possible ‚Ä¢ ‚Çπ15L ‚Äì ‚Çπ40L ‚Ä¢ No equity,Large,True,0,1,0,True,False,False,125
Diffgram,1-10 EMPLOYEES,Accelerate the 4th Industrial Revolution,Marketing Generalist,Canada ‚Ä¢ India ‚Ä¢ Remote ‚Ä¢ Remote possible ‚Ä¢ $23k ‚Äì $45k ‚Ä¢ 0.0% ‚Äì 1.0%,Small,True,0,0,0,False,False,True,5
Diffgram,1-10 EMPLOYEES,Accelerate the 4th Industrial Revolution,Chief Marketing Officer,Santa Clara ‚Ä¢ Remote possible ‚Ä¢ $80k ‚Äì $150k ‚Ä¢ 3.0% ‚Äì 5.0%,Small,True,1,0,0,False,True,False,5
Diffgram,1-10 EMPLOYEES,Accelerate the 4th Industrial Revolution,Full Stack Engineer,Canada ‚Ä¢ India ‚Ä¢ United States ‚Ä¢ Remote possible ‚Ä¢ $38k ‚Äì $73k ‚Ä¢ 3.0% ‚Äì 5.0%,Small,True,0,1,0,True,False,False,5
Filmhub,11-50 EMPLOYEES,Online B2B marketplace for filmmakers and streaming platforms,"Account Executive, Streaming Channels",San Francisco ‚Ä¢ Santa Monica ‚Ä¢ Remote possible ‚Ä¢ $120k ‚Äì $200k ‚Ä¢ 0.0% ‚Äì 0.15%,Medium,True,0,0,0,False,False,True,35
Filmhub,11-50 EMPLOYEES,Online B2B marketplace for filmmakers and streaming platforms,Designer (UI/UX/Product),San Francisco ‚Ä¢ Santa Monica ‚Ä¢ Remote possible ‚Ä¢ $60k ‚Äì $140k ‚Ä¢ 0.0% ‚Äì 0.25%,Medium,True,0,0,0,False,False,True,35
Filmhub,11-50 EMPLOYEES,Online B2B marketplace for filmmakers and streaming platforms,Full Stack Software Engineer,Santa Monica ‚Ä¢ Remote possible ‚Ä¢ $40k ‚Äì $120k ‚Ä¢ 0.0% ‚Äì 0.25%,Medium,True,0,1,0,True,False,False,35
Camino,11-50 EMPLOYEES,A modern SaaS platform for Government,Senior Software Engineer,Denver ‚Ä¢ North America ‚Ä¢ Nashville ‚Ä¢ Remote possible ‚Ä¢ $130k ‚Äì $160k ‚Ä¢ 0.25% ‚Äì 0.8%,Medium,True,0,1,0,True,False,False,35
Camino,11-50 EMPLOYEES,A modern SaaS platform for Government,Vice President of Sales,San Mateo ‚Ä¢ Remote ‚Ä¢ Remote possible ‚Ä¢ $270k ‚Äì $350k ‚Ä¢ 1.0% ‚Äì 3.0%,Medium,True,1,0,0,False,True,False,35
Recurate | Resale Made Easy,11-50 EMPLOYEES,Recurate enables a beautifully integrated resale marketplace directly on ecommerce stores,Brand Success Manager,Remote possible ‚Ä¢ $60k ‚Äì $85k,Medium,False,1,0,0,False,True,False,35
batelle.com,11-50 EMPLOYEES,"Teach parents how to put their children to bed in under 5 minutes, within a week",Senior Sales Consultant,Remote possible ‚Ä¢ $45k ‚Äì $65k,Medium,False,0,0,0,False,False,True,35
Prismatic,11-50 EMPLOYEES,The integration platform for B2B software companies,Senior Frontend Engineer (U.S.),Sioux Falls ‚Ä¢ Remote possible ‚Ä¢ $130k ‚Äì $140k,Medium,True,0,1,0,True,False,False,35
Prismatic,11-50 EMPLOYEES,The integration platform for B2B software companies,Senior Cloud Engineer (U.S.),Sioux Falls ‚Ä¢ Remote possible ‚Ä¢ $130k ‚Äì $140k,Medium,True,0,1,0,True,False,False,35
fittly,1-10 EMPLOYEES,LinkedIn for fitness,CTO,New York City ‚Ä¢ Amsterdam ‚Ä¢ Remote possible ‚Ä¢ $120k ‚Äì $150k ‚Ä¢ 5.0% ‚Äì 10.0%,Small,True,1,1,1,False,False,False,5
fittly,1-10 EMPLOYEES,LinkedIn for fitness,Sales Development Intern,New York City ‚Ä¢ Remote possible ‚Ä¢ No equity,Small,True,0,0,0,False,False,True,5
fittly,1-10 EMPLOYEES,LinkedIn for fitness,PR and Marketing Intern,New York City ‚Ä¢ Remote possible,Small,True,0,0,0,False,False,True,5
Biome Analytics,51-200 EMPLOYEES,Performance Application Bringing Best Practice To Every Patient,Data Operations Engineer,Chicago ‚Ä¢ New York City ‚Ä¢ San Francisco ‚Ä¢ Remote possible ‚Ä¢ $110k ‚Äì $125k ‚Ä¢ 0.15% ‚Äì 0.3%,Large,True,0,1,0,True,False,False,125
Novo,51-200 EMPLOYEES,Powerfully simple business banking,Underwriter & Data Scientist,Miami ‚Ä¢ New York City ‚Ä¢ $115k ‚Äì $135k AngelList Est.,Large,True,0,1,0,True,False,False,125
Novo,51-200 EMPLOYEES,Powerfully simple business banking,Talent Sourcer,New York City ‚Ä¢ $65k ‚Äì $95k AngelList Est.,Large,True,0,0,0,False,False,True,125
Novo,51-200 EMPLOYEES,Powerfully simple business banking,Project Manager,Miami ‚Ä¢ New York City ‚Ä¢ $80k ‚Äì $105k AngelList Est.,Large,True,1,0,0,False,True,False,125
Ambience Healthcare,11-50 EMPLOYEES,Building a suite of AI-powered tools for doctors,Senior ML Engineer,San Francisco ‚Ä¢ Remote possible ‚Ä¢ $100k ‚Äì $150k,Medium,True,0,1,0,True,False,False,35
Ambience Healthcare,11-50 EMPLOYEES,Building a suite of AI-powered tools for doctors,Senior Fullstack Engineer,San Francisco Bay Area ‚Ä¢ $100k ‚Äì $150k,Medium,True,0,1,0,True,False,False,35
Cohesion,11-50 EMPLOYEES,Cohesion‚Äôs IoT-enabled platform integrates building systems and streamlines operations,Data Engineer,Chicago ‚Ä¢ $100k ‚Äì $115k,Medium,True,0,1,0,True,False,False,35
Cohesion,11-50 EMPLOYEES,Cohesion‚Äôs IoT-enabled platform integrates building systems and streamlines operations,Backend Engineer (.NET),Chicago ‚Ä¢ Remote possible ‚Ä¢ $95k ‚Äì $130k,Medium,True,0,1,0,True,False,False,35
Cohesion,11-50 EMPLOYEES,Cohesion‚Äôs IoT-enabled platform integrates building systems and streamlines operations,Senior iOS Developer,Chicago ‚Ä¢ Remote possible ‚Ä¢ $100k ‚Äì $120k,Medium,True,0,1,0,True,False,False,35
BentoBox,51-200 EMPLOYEES,"BentoBox empowers restaurants to own their presence, profits and relationships","Senior Marketing Manager, Web",New York ‚Ä¢ Remote possible ‚Ä¢ $100k ‚Äì $140k AngelList Est.,Large,True,1,0,0,False,True,False,125
BentoBox,51-200 EMPLOYEES,"BentoBox empowers restaurants to own their presence, profits and relationships",Senior Product Designer,New York ‚Ä¢ $110k ‚Äì $130k,Large,True,0,0,0,False,False,True,125
BentoBox,51-200 EMPLOYEES,"BentoBox empowers restaurants to own their presence, profits and relationships",Sales Operations Manager,New York City ‚Ä¢ Remote possible ‚Ä¢ $90k ‚Äì $115k AngelList Est.,Large,True,1,0,0,False,True,False,125
Syrup Tech,1-10 EMPLOYEES,"AI/ML for next-generation inventory excellence in apparel, fashion and e-commerce",Senior Data Scientist,Boston ‚Ä¢ New York City ‚Ä¢ San Francisco ‚Ä¢ Remote possible ‚Ä¢ $95k ‚Äì $150k ‚Ä¢ 0.1% ‚Äì 0.25%,Small,True,0,1,0,True,False,False,5
PDM Automotive,11-50 EMPLOYEES,Connecting the automotive aftermarket industry with data and technology,Account Executive,Seattle ‚Ä¢ Remote possible ‚Ä¢ $110k ‚Äì $160k,Medium,True,0,0,0,False,False,True,35
PDM Automotive,11-50 EMPLOYEES,Connecting the automotive aftermarket industry with data and technology,Executive Assistant,Seattle ‚Ä¢ Remote possible ‚Ä¢ $60k ‚Äì $80k,Medium,True,0,0,0,False,False,True,35
PDM Automotive,11-50 EMPLOYEES,Connecting the automotive aftermarket industry with data and technology,Customer Success Manager,Seattle ‚Ä¢ Remote possible ‚Ä¢ $60k ‚Äì $75k,Medium,True,1,0,0,False,True,False,35
Panther,11-50 EMPLOYEES,"The easiest way to hire, manage, and pay global teams",Director of Engineering,Tampa ‚Ä¢ Skopje ‚Ä¢ Remote ‚Ä¢ Remote possible ‚Ä¢ $120k ‚Äì $200k,Medium,True,1,1,1,False,False,False,35
Panther,11-50 EMPLOYEES,"The easiest way to hire, manage, and pay global teams",Director of Product,Tampa ‚Ä¢ Skopje ‚Ä¢ Remote ‚Ä¢ Remote possible ‚Ä¢ $120k ‚Äì $175k,Medium,True,1,1,1,False,False,False,35
Panther,11-50 EMPLOYEES,"The easiest way to hire, manage, and pay global teams",Mid/Senior Front-End Engineer (React.js),Tampa ‚Ä¢ Skopje ‚Ä¢ Remote ‚Ä¢ Remote possible ‚Ä¢ $40k ‚Äì $80k ‚Ä¢ 0.01% ‚Äì 0.25%,Medium,True,0,1,0,True,False,False,35
The Black Tux,201-500 EMPLOYEES,"Tuxedos and suits, for rent and for keeps",Head of Consumer Insights,Remote possible,X-Large,False,1,0,0,False,True,False,350
Skydog Ops,1-10 EMPLOYEES,On-Demand Salesforce + Revenue Ops Consulting,Salesforce + RevOps Consultant | Work with High-Growth Startups,Remote possible ‚Ä¢ $68k ‚Äì $100k,Small,False,0,0,0,False,False,True,5
Chartmetric,11-50 EMPLOYEES,"A profitable, 6-year-old B2B SaaS startup, with focus on music and data!",Senior Frontend Engineer at a Music Data Startup,Sunnyvale ‚Ä¢ Remote possible ‚Ä¢ $100k ‚Äì $140k ‚Ä¢ 0.2% ‚Äì 0.5%,Medium,True,0,1,0,True,False,False,35
Chartmetric,11-50 EMPLOYEES,"A profitable, 6-year-old B2B SaaS startup, with focus on music and data!","Senior UI Designer at Chartmetric, a Music Data Analytics Startup",San Francisco Bay Area ‚Ä¢ $80k ‚Äì $150k ‚Ä¢ 0.1% ‚Äì 0.5%,Medium,True,0,0,0,False,False,True,35
Chartmetric,11-50 EMPLOYEES,"A profitable, 6-year-old B2B SaaS startup, with focus on music and data!","Lead Full-stack Engineer at Chartmetric, a Music Data Analytics Startup",San Francisco Bay Area ‚Ä¢ $150k ‚Äì $180k ‚Ä¢ 0.5% ‚Äì 1.5%,Medium,True,1,1,1,False,False,False,35
Sendlane,51-200 EMPLOYEES,Email & SMS Marketing for eCommerce!,Director of Product Marketing,San Diego ‚Ä¢ Remote possible ‚Ä¢ $100k ‚Äì $180k,Large,True,1,1,1,False,False,False,125
Sendlane,51-200 EMPLOYEES,Email & SMS Marketing for eCommerce!,Senior Software Engineer,San Diego ‚Ä¢ Remote possible ‚Ä¢ $120k ‚Äì $140k,Large,True,0,1,0,True,False,False,125
Sendlane,51-200 EMPLOYEES,Email & SMS Marketing for eCommerce!,Product Manager (Email & Popups),San Diego ‚Ä¢ Remote possible ‚Ä¢ $120k ‚Äì $165k,Large,True,1,0,0,False,True,False,125
Folia Health,1-10 EMPLOYEES,Enabling precision medicine with the power of individual observations,"Senior Software Engineer, Backend",Cambridge ‚Ä¢ Remote possible ‚Ä¢ $100k ‚Äì $135k,Small,True,0,1,0,True,False,False,5
InvestNext,11-50 EMPLOYEES,Empowering investors to make a meaningful impact within their communities,Full Stack Software Engineer,San Diego ‚Ä¢ Remote possible ‚Ä¢ $75k ‚Äì $115k ‚Ä¢ 0.01% ‚Äì 0.1%,Medium,True,0,1,0,True,False,False,35
InvestNext,11-50 EMPLOYEES,Empowering investors to make a meaningful impact within their communities,Deployment Lead,Detroit ‚Ä¢ Remote possible ‚Ä¢ $45k ‚Äì $65k ‚Ä¢ 0.01% ‚Äì 0.1%,Medium,True,1,0,0,False,True,False,35
InvestNext,11-50 EMPLOYEES,Empowering investors to make a meaningful impact within their communities,Director of Engineering,San Diego ‚Ä¢ Remote possible ‚Ä¢ $170k ‚Äì $220k ‚Ä¢ 0.05% ‚Äì 1.0%,Medium,True,1,1,1,False,False,False,35
nwo.ai,11-50 EMPLOYEES,We identify microtrends before they become exponential,"Account Executive, New Business",New York City ‚Ä¢ $120k ‚Äì $150k,Medium,True,0,0,0,False,False,True,35
nwo.ai,11-50 EMPLOYEES,We identify microtrends before they become exponential,Marketing Director,New York City ‚Ä¢ $130k ‚Äì $175k AngelList Est.,Medium,True,1,1,1,False,False,False,35
nwo.ai,11-50 EMPLOYEES,We identify microtrends before they become exponential,Lead Knowledge Graph Engineer,New York City ‚Ä¢ $130k ‚Äì $175k,Medium,True,1,1,1,False,False,False,35
SMBX,11-50 EMPLOYEES,Where people can invest in local businesses and earn a rate of return,Senior Product Designer,San Francisco ‚Ä¢ Remote possible ‚Ä¢ $100k ‚Äì $150k,Medium,True,0,0,0,False,False,True,35
SMBX,11-50 EMPLOYEES,Where people can invest in local businesses and earn a rate of return,Senior Account Executive - Oregon/Washington,Portland ‚Ä¢ Seattle ‚Ä¢ Oregon ‚Ä¢ Remote possible ‚Ä¢ $80k ‚Äì $120k ‚Ä¢ 0.01% ‚Äì 0.15%,Medium,True,0,0,0,False,False,True,35
SMBX,11-50 EMPLOYEES,Where people can invest in local businesses and earn a rate of return,Senior Account Executive - Bay Area,San Jose ‚Ä¢ Oakland ‚Ä¢ San Francisco Bay Area ‚Ä¢ Remote possible ‚Ä¢ $70k ‚Äì $120k ‚Ä¢ 0.01% ‚Äì 0.15%,Medium,True,0,0,0,False,False,True,35
Supplyframe,201-500 EMPLOYEES,Organizing the world of engineering knowledge,Full Stack Engineer,Pasadena ‚Ä¢ $100k ‚Äì $120k ‚Ä¢ 0.01% ‚Äì 0.1%,X-Large,True,0,1,0,True,False,False,350
Supplyframe,201-500 EMPLOYEES,Organizing the world of engineering knowledge,Product Manager,Pasadena ‚Ä¢ $80k ‚Äì $110k ‚Ä¢ 0.0% ‚Äì 0.01%,X-Large,True,1,0,0,False,True,False,350
Supplyframe,201-500 EMPLOYEES,Organizing the world of engineering knowledge,Senior Product Manager (SaaS),Los Angeles ‚Ä¢ No equity$110k ‚Äì $150k AngelList Est.,X-Large,True,1,0,0,False,True,False,350
Rize,11-50 EMPLOYEES,"Rize enables fintechs, financial institutions and brands to build across multiple account types",Product Manager,Arlington ‚Ä¢ Remote possible ‚Ä¢ $115k ‚Äì $135k,Medium,True,1,0,0,False,True,False,35
Rize,11-50 EMPLOYEES,"Rize enables fintechs, financial institutions and brands to build across multiple account types",Embedded QA Engineer,Arlington ‚Ä¢ Remote possible ‚Ä¢ $90k ‚Äì $120k,Medium,True,0,1,0,True,False,False,35
Rize,11-50 EMPLOYEES,"Rize enables fintechs, financial institutions and brands to build across multiple account types",Sales Development Representative,Arlington ‚Ä¢ Remote possible ‚Ä¢ $75k ‚Äì $95k,Medium,True,0,0,0,False,False,True,35
Breinify,11-50 EMPLOYEES,Predictive Personalization at Scale,Head of Customer Success,San Francisco Bay Area ‚Ä¢ $100k ‚Äì $140k ‚Ä¢ 0.01% ‚Äì 0.02%,Medium,True,1,0,0,False,True,False,35
Breinify,11-50 EMPLOYEES,Predictive Personalization at Scale,Internal Recruiter,San Francisco Bay Area ‚Ä¢ Remote possible ‚Ä¢ $75k ‚Äì $95k ‚Ä¢ 0.1% ‚Äì 0.2%,Medium,True,0,0,0,False,False,True,35
Breinify,11-50 EMPLOYEES,Predictive Personalization at Scale,Customer Success Engineer,San Francisco ‚Ä¢ $110k ‚Äì $130k ‚Ä¢ 0.1% ‚Äì 0.2%,Medium,True,0,1,0,True,False,False,35
EngagedMD,11-50 EMPLOYEES,We develop the leading patient journey management solution for the fertility sector,Full Stack Developer (NodeJS),United States ‚Ä¢ Washington ‚Ä¢ District of Columbia ‚Ä¢ Remote possible ‚Ä¢ $95k ‚Äì $135k ‚Ä¢ 0.01% ‚Äì 0.05%,Medium,True,0,1,0,True,False,False,35
EngagedMD,11-50 EMPLOYEES,We develop the leading patient journey management solution for the fertility sector,"Junior Sales Executive, Healthcare SaaS (Remote)",United States ‚Ä¢ Washington ‚Ä¢ District of Columbia ‚Ä¢ Remote possible ‚Ä¢ $50k ‚Äì $70k AngelList Est.,Medium,True,0,0,0,False,False,True,35
EngagedMD,11-50 EMPLOYEES,We develop the leading patient journey management solution for the fertility sector,Marketing Associate,United States ‚Ä¢ Washington ‚Ä¢ District of Columbia ‚Ä¢ $50k ‚Äì $70k AngelList Est.,Medium,True,0,0,0,False,False,True,35
CREAM and Partners,11-50 EMPLOYEES,New Age Incubator and Investment Firm of Blockchain and Cryptocurrency Projects,Investment Analyst/Associate,Remote possible,Medium,False,0,0,0,False,False,True,35
Altonomy,51-200 EMPLOYEES,Financial services for the Cryptocurrency industry,Blockchain Developer,Remote possible ‚Ä¢ $80k ‚Äì $120k ‚Ä¢ No equity,Large,False,0,1,0,True,False,False,125
Facta,1-10 EMPLOYEES,SaaS accounting/finops software,Product UX Designer,San Francisco ‚Ä¢ Remote possible ‚Ä¢ $80k ‚Äì $150k ‚Ä¢ 0.2% ‚Äì 1.0%,Small,True,0,0,0,False,False,True,5
TARA,1-10 EMPLOYEES,The SaaS assistant for K-12 teachers & schools,Founding Engineer,Atlanta ‚Ä¢ Remote possible ‚Ä¢ $80k ‚Äì $100k,Small,True,0,1,0,True,False,False,5
Opslock,11-50 EMPLOYEES,Making the world a safer place to work,"Director, Customer Experience",Austin ‚Ä¢ Montreal ‚Ä¢ $90k ‚Äì $140k ‚Ä¢ 0.1% ‚Äì 0.5%,Medium,True,1,1,1,False,False,False,35
Sukhi,11-50 EMPLOYEES,The Peloton for Emotional Wellness - bridging data + resilience + cultural sensitivity,Employee Wellness Content Expert,Seattle ‚Ä¢ Washington DC ‚Ä¢ San Francisco ‚Ä¢ Remote possible ‚Ä¢ $60k ‚Äì $100k ‚Ä¢ 0.0% ‚Äì 5.0%,Medium,True,0,0,0,False,False,True,35
Sukhi,11-50 EMPLOYEES,The Peloton for Emotional Wellness - bridging data + resilience + cultural sensitivity,Sales Executive,Boston ‚Ä¢ Seattle ‚Ä¢ Washington DC ‚Ä¢ Remote possible ‚Ä¢ 10.0% ‚Äì 20.0%$105k ‚Äì $165k AngelList Est.,Medium,True,0,0,0,False,False,True,35
Sukhi,11-50 EMPLOYEES,The Peloton for Emotional Wellness - bridging data + resilience + cultural sensitivity,Director of Customer Management and Support,Seattle ‚Ä¢ Remote possible ‚Ä¢ $40k ‚Äì $60k ‚Ä¢ 2.0% ‚Äì 4.0%,Medium,True,1,1,1,False,False,False,35
Defendify,11-50 EMPLOYEES,All-In-One Cybersecurity Platform for Small Business,SaaS Software Engineer,Maine ‚Ä¢ Remote possible ‚Ä¢ $80k ‚Äì $130k ‚Ä¢ 0.0% ‚Äì 1.0%,Medium,True,0,1,0,True,False,False,35
Wonderment,1-10 EMPLOYEES,Empowering brands to deliver exceptional experiences,Senior Software Engineer,Boston ‚Ä¢ Remote possible ‚Ä¢ $80k ‚Äì $160k ‚Ä¢ 0.1% ‚Äì 0.5%,Small,True,0,1,0,True,False,False,5
Prodsmart,11-50 EMPLOYEES,The digital gateway for manufacturers,Inside Sales Account Executive,San Francisco ‚Ä¢ Remote possible ‚Ä¢ $80k ‚Äì $120k,Medium,True,0,0,0,False,False,True,35
Prodsmart,11-50 EMPLOYEES,The digital gateway for manufacturers,Sales Development Representative,San Francisco ‚Ä¢ Remote possible ‚Ä¢ $55k ‚Äì $80k,Medium,True,0,0,0,False,False,True,35
Prodsmart,11-50 EMPLOYEES,The digital gateway for manufacturers,Sales Development Representative,Michigan ‚Ä¢ Remote possible ‚Ä¢ $40k ‚Äì $65k ‚Ä¢ No equity,Medium,True,0,0,0,False,False,True,35
WhoKnows,11-50 EMPLOYEES,AI-driven lead gen for B2B startups,Python/Django Developer for Rapidly Growing Startup,San Mateo ‚Ä¢ Remote possible ‚Ä¢ $80k ‚Äì $120k ‚Ä¢ 0.25% ‚Äì 0.5%,Medium,True,0,1,0,True,False,False,35
WhoKnows,11-50 EMPLOYEES,AI-driven lead gen for B2B startups,CTO/Head of Engineering for rapidly growing startup,San Mateo ‚Ä¢ Remote possible ‚Ä¢ $150k ‚Äì $225k ‚Ä¢ 1.0% ‚Äì 5.0%,Medium,True,1,1,1,False,False,False,35
Queue,1-10 EMPLOYEES,All in one platform for freelancers to conduct their business,Generalist UI/UX Designer,Silicon Valley ‚Ä¢ Remote possible ‚Ä¢ $80k ‚Äì $160k ‚Ä¢ No equity,Small,True,0,0,0,False,False,True,5
Leasecake,11-50 EMPLOYEES,Lease and location management made easy for business owners and brokers,Sr Developer,Orlando ‚Ä¢ Remote possible ‚Ä¢ $80k ‚Äì $140k ‚Ä¢ 0.1% ‚Äì 0.5%,Medium,True,0,1,0,True,False,False,35
Leasecake,11-50 EMPLOYEES,Lease and location management made easy for business owners and brokers,Controller,Orlando ‚Ä¢ Remote possible,Medium,True,0,0,0,False,False,True,35
InDebted,51-200 EMPLOYEES,"To be the preferred choice of customers to support their debt free journey, everywhere",Customer Engagement Specialist 2nd Shift 1pm to 10pm,,Large,False,0,0,0,False,False,True,125
InDebted,51-200 EMPLOYEES,"To be the preferred choice of customers to support their debt free journey, everywhere",Customer Engagement Specialist 1st Shift 7am to 4pm,,Large,False,0,0,0,False,False,True,125
Gridspace,11-50 EMPLOYEES,"Giving the customers the power to capture, understand, and handle conversations in real-time",Bot Experience Composer,Los Angeles ‚Ä¢ $80k ‚Äì $130k ‚Ä¢ 0.005% ‚Äì 0.01%,Medium,True,0,0,0,False,False,True,35
Gridspace,11-50 EMPLOYEES,"Giving the customers the power to capture, understand, and handle conversations in real-time",Software Quality Assurance Engineer,Los Angeles ‚Ä¢ $60k ‚Äì $130k ‚Ä¢ 0.01% ‚Äì 1.0%,Medium,True,0,1,0,True,False,False,35
Gridspace,11-50 EMPLOYEES,"Giving the customers the power to capture, understand, and handle conversations in real-time",Senior Software Engineer,Los Angeles ‚Ä¢ $150k ‚Äì $220k ‚Ä¢ 0.005% ‚Äì 0.01%,Medium,True,0,1,0,True,False,False,35
SupraOracles,51-200 EMPLOYEES,Powerful cross-chain oracle that bridges real-world data to blockchains,Product Mangager,Los Angeles ‚Ä¢ New York City ‚Ä¢ San Francisco Bay Area ‚Ä¢ Remote possible ‚Ä¢ $70k ‚Äì $130k ‚Ä¢ 0.01% ‚Äì 0.25%,Large,True,1,0,0,False,True,False,125
SupraOracles,51-200 EMPLOYEES,Powerful cross-chain oracle that bridges real-world data to blockchains,Senior Software Engineer,United States ‚Ä¢ United Kingdom ‚Ä¢ Taiwan ‚Ä¢ Remote possible ‚Ä¢ $125k ‚Äì $165k AngelList Est.,Large,True,0,1,0,True,False,False,125
SupraOracles,51-200 EMPLOYEES,Powerful cross-chain oracle that bridges real-world data to blockchains,Senior Frontend (UI/UX) Engineer,United States ‚Ä¢ United Kingdom ‚Ä¢ Taiwan ‚Ä¢ Remote possible ‚Ä¢ $115k ‚Äì $160k AngelList Est.,Large,True,0,1,0,True,False,False,125
Dash Energy,11-50 EMPLOYEES,"We help the world buy and sell energy faster, smarter and more confidently",Strategic Account Executive,Austin ‚Ä¢ Remote possible ‚Ä¢ $105k ‚Äì $140k AngelList Est.,Medium,True,0,0,0,False,False,True,35
Dash Energy,11-50 EMPLOYEES,"We help the world buy and sell energy faster, smarter and more confidently",Digital Marketing Manager,Austin ‚Ä¢ Remote possible ‚Ä¢ $70k ‚Äì $90k ‚Ä¢ 0.1% ‚Äì 1.0%,Medium,True,1,0,0,False,True,False,35
Freedom,11-50 EMPLOYEES,Freedom blocks distracting websites and apps so you can focus on what matters most,Software Engineer - MacOS - Swift/Objective C/AppleScript,Durham ‚Ä¢ Raleigh ‚Ä¢ Chapel Hill ‚Ä¢ Remote possible ‚Ä¢ $75k ‚Äì $95k ‚Ä¢ No equity,Medium,True,0,1,0,True,False,False,35
Freedom,11-50 EMPLOYEES,Freedom blocks distracting websites and apps so you can focus on what matters most,Research Analyst - Part Time,Durham ‚Ä¢ Raleigh ‚Ä¢ Chapel Hill ‚Ä¢ Remote possible ‚Ä¢ $45k ‚Äì $55k ‚Ä¢ No equity,Medium,True,0,0,0,False,False,True,35
Freedom,11-50 EMPLOYEES,Freedom blocks distracting websites and apps so you can focus on what matters most,Business Analyst - Revenue and Forecasting,Durham ‚Ä¢ Raleigh ‚Ä¢ Chapel Hill ‚Ä¢ Remote possible ‚Ä¢ $52k ‚Äì $72k,Medium,True,0,0,0,False,False,True,35
Recurate | Resale Made Easy,11-50 EMPLOYEES,Recurate enables a beautifully integrated resale marketplace directly on ecommerce stores,Brand Success Manager,United States ‚Ä¢ Remote possible ‚Ä¢ $60k ‚Äì $85k,Medium,True,1,0,0,False,True,False,35
Recurate | Resale Made Easy,11-50 EMPLOYEES,Recurate enables a beautifully integrated resale marketplace directly on ecommerce stores,VP of Engineering,United States ‚Ä¢ Remote possible ‚Ä¢ $250k ‚Äì $300k ‚Ä¢ 0.0% ‚Äì 1.0%,Medium,True,1,1,1,False,False,False,35
Recurate | Resale Made Easy,11-50 EMPLOYEES,Recurate enables a beautifully integrated resale marketplace directly on ecommerce stores,Customer Experience Manager,United States ‚Ä¢ Remote possible ‚Ä¢ $60k ‚Äì $70k,Medium,True,1,0,0,False,True,False,35
Essenvia,1-10 EMPLOYEES,https://www.essenvia.com,Data Scientist / Senior DataScientist,Los Angeles ‚Ä¢ Bengaluru ‚Ä¢ $80k ‚Äì $120k ‚Ä¢ 0.01% ‚Äì 0.1%,Small,True,0,1,0,True,False,False,5
Showcase,1-10 EMPLOYEES,Reimagining the delivery and consumption of business video,Founding Fullstack Software Engineer,New York City ‚Ä¢ Remote possible ‚Ä¢ $80k ‚Äì $130k ‚Ä¢ 0.5% ‚Äì 2.0%,Small,True,0,1,0,True,False,False,5
Offer1,1-10 EMPLOYEES,Tech Enabled Home Selling Application,RED ALERT ***Unicorn Sighting*** Product Manager / Marketing Manager,Miami ‚Ä¢ San Diego ‚Ä¢ Fort Lauderdale ‚Ä¢ $75k ‚Äì $120k ‚Ä¢ 0.25% ‚Äì 0.5%,Small,True,1,0,0,False,True,False,5
Hologram,51-200 EMPLOYEES,"Internet everywhere, for everything",Customer Success Manager,Chicago ‚Ä¢ Remote possible ‚Ä¢ $74k ‚Äì $102k,Large,True,1,0,0,False,True,False,125
Hologram,51-200 EMPLOYEES,"Internet everywhere, for everything",Sales Engineer,Chicago ‚Ä¢ Remote possible ‚Ä¢ $60k ‚Äì $85k AngelList Est.,Large,True,0,1,0,True,False,False,125
Hologram,51-200 EMPLOYEES,"Internet everywhere, for everything",Outbound Business Development Representative,Chicago ‚Ä¢ Remote possible ‚Ä¢ $60k ‚Äì $95k AngelList Est.,Large,True,0,0,0,False,False,True,125
Datapad,1-10 EMPLOYEES,The world's most user-friendly data tool,VP of Engineering,Europe ‚Ä¢ Turkey ‚Ä¢ United States ‚Ä¢ Remote possible ‚Ä¢ $60k ‚Äì $75k ‚Ä¢ 2.0% ‚Äì 5.0%,Small,True,1,1,1,False,False,False,5
Datapad,1-10 EMPLOYEES,The world's most user-friendly data tool,Founding Engineer (Front-End),Europe ‚Ä¢ United States ‚Ä¢ Remote possible ‚Ä¢ $60k ‚Äì $80k ‚Ä¢ 0.5% ‚Äì 1.5%,Small,True,0,1,0,True,False,False,5
Recurate | Resale Made Easy,11-50 EMPLOYEES,Recurate enables a beautifully integrated resale marketplace directly on ecommerce stores,Brand Success Manager,Remote possible ‚Ä¢ $60k ‚Äì $85k,Medium,False,1,0,0,False,True,False,35
batelle.com,11-50 EMPLOYEES,"Teach parents how to put their children to bed in under 5 minutes, within a week",Senior Sales Consultant,Remote possible ‚Ä¢ $45k ‚Äì $65k,Medium,False,0,0,0,False,False,True,35
MoodMe,11-50 EMPLOYEES,MoodMe provides insights and experiences for the emotion economy with unbiased AI & AR,Internship in software development: C/C++,Austin ‚Ä¢ Palo Alto ‚Ä¢ Brussels ‚Ä¢ Remote possible ‚Ä¢ $1k ‚Äì $30k ‚Ä¢ 0.0% ‚Äì 1.7%,Medium,True,0,1,0,True,False,False,35
MoodMe,11-50 EMPLOYEES,MoodMe provides insights and experiences for the emotion economy with unbiased AI & AR,Chief of Design & UX/UI,Austin ‚Ä¢ Remote possible ‚Ä¢ 3.0% ‚Äì 7.0%,Medium,True,1,0,0,False,True,False,35
MoodMe,11-50 EMPLOYEES,MoodMe provides insights and experiences for the emotion economy with unbiased AI & AR,Chief Technology Officer,Austin ‚Ä¢ Dallas ‚Ä¢ Houston ‚Ä¢ Remote possible ‚Ä¢ $58k ‚Äì $90k ‚Ä¢ 3.0% ‚Äì 8.0%,Medium,True,1,0,0,False,True,False,35
Fulfil.IO,11-50 EMPLOYEES,Next Generation ERP for Retail and Distribution,Senior Python Engineer - Remote,India ‚Ä¢ South Africa ‚Ä¢ Ukraine ‚Ä¢ Remote possible ‚Ä¢ ‚Çπ25L ‚Äì ‚Çπ30L ‚Ä¢ No equity,Medium,True,0,1,0,True,False,False,35
Fulfil.IO,11-50 EMPLOYEES,Next Generation ERP for Retail and Distribution,Senior Python Engineer - Remote,Canada ‚Ä¢ India ‚Ä¢ United States ‚Ä¢ Remote possible ‚Ä¢ $70k ‚Äì $150k ‚Ä¢ No equity,Medium,True,0,1,0,True,False,False,35
Fulfil.IO,11-50 EMPLOYEES,Next Generation ERP for Retail and Distribution,Customer Support Representative (Warehouse Operations Specialist) - Remote,Canada ‚Ä¢ India ‚Ä¢ United States ‚Ä¢ Remote possible ‚Ä¢ $45k ‚Äì $60k ‚Ä¢ No equity,Medium,True,0,0,0,False,False,True,35
Benchling,201-500 EMPLOYEES,"Informatics platform to accelerate, measure, and forecast R&D from discovery through bioprocessing",Senior Revenue Accountant,San Francisco ‚Ä¢ $115k ‚Äì $150k AngelList Est.,X-Large,True,0,0,0,False,False,True,350
Benchling,201-500 EMPLOYEES,"Informatics platform to accelerate, measure, and forecast R&D from discovery through bioprocessing",Head of Account Based Marketing (ABM),San Francisco ‚Ä¢ $155k ‚Äì $200k AngelList Est.,X-Large,True,1,0,0,False,True,False,350
Benchling,201-500 EMPLOYEES,"Informatics platform to accelerate, measure, and forecast R&D from discovery through bioprocessing","Experienced Software Engineer, Notebook",San Francisco ‚Ä¢ $115k ‚Äì $165k AngelList Est.,X-Large,True,0,1,0,True,False,False,350
Panoply,1-10 EMPLOYEES,Go from raw data to complex analysis in under 12 minutes,Solutions Architect,Arizona ‚Ä¢ Tel Aviv-Yafo ‚Ä¢ Remote possible ‚Ä¢ $75k ‚Äì $85k,Small,True,0,1,0,True,False,False,5
InfluxData,51-200 EMPLOYEES,"Real-time visibility into stacks, sensors and systems using open source time series database",Systems Support Engineer,New Castle ‚Ä¢ Remote possible ‚Ä¢ $115k ‚Äì $155k AngelList Est.,Large,True,0,1,0,True,False,False,125
InfluxData,51-200 EMPLOYEES,"Real-time visibility into stacks, sensors and systems using open source time series database",Systems Support Engineer,Scotland ‚Ä¢ Remote possible,Large,True,0,1,0,True,False,False,125
InfluxData,51-200 EMPLOYEES,"Real-time visibility into stacks, sensors and systems using open source time series database",Systems Support Engineer,Birmingham ‚Ä¢ Remote possible,Large,True,0,1,0,True,False,False,125
Bolt,51-200 EMPLOYEES,Provide an optimized checkout experience that is 2x faster than the competition,"Director, Sales Compensation",New York City ‚Ä¢ San Francisco ‚Ä¢ Toronto ‚Ä¢ Salt Lake City ‚Ä¢ Remote possible ‚Ä¢ $145k ‚Äì $190k AngelList Est.,Large,True,1,1,1,False,False,False,125
Bolt,51-200 EMPLOYEES,Provide an optimized checkout experience that is 2x faster than the competition,Product Recruiting Manager,San Francisco ‚Ä¢ $110k ‚Äì $150k AngelList Est.,Large,True,1,0,0,False,True,False,125
Bolt,51-200 EMPLOYEES,Provide an optimized checkout experience that is 2x faster than the competition,Senior Product Manager - Experimentation,Washington DC ‚Ä¢ $110k ‚Äì $150k AngelList Est.,Large,True,1,0,0,False,True,False,125
Littledata,11-50 EMPLOYEES,Littledata is the #1 ecommerce data platform for modern DTC brands,Product Manager,London ‚Ä¢ Remote possible ‚Ä¢ ¬£65k ‚Äì ¬£75k ‚Ä¢ No equity,Medium,True,1,0,0,False,True,False,35
Littledata,11-50 EMPLOYEES,Littledata is the #1 ecommerce data platform for modern DTC brands,Partner Marketing Manager,New York City ‚Ä¢ Remote possible ‚Ä¢ $70k ‚Äì $80k ‚Ä¢ No equity,Medium,True,1,0,0,False,True,False,35
Littledata,11-50 EMPLOYEES,Littledata is the #1 ecommerce data platform for modern DTC brands,Talent Coordinator,Cluj-Napoca ‚Ä¢ Remote possible ‚Ä¢ ¬£10k ‚Äì ¬£20k ‚Ä¢ No equity,Medium,True,0,0,0,False,False,True,35
Coast,11-50 EMPLOYEES,"Coast is re-imagining B2B payments, beginning with fleet and fuel",Content Marketing Manager,New York City ‚Ä¢ $100k ‚Äì $140k AngelList Est.,Medium,True,1,0,0,False,True,False,35
Coast,11-50 EMPLOYEES,"Coast is re-imagining B2B payments, beginning with fleet and fuel",Account Executive,New York City ‚Ä¢ $100k ‚Äì $135k AngelList Est.,Medium,True,0,0,0,False,False,True,35
Coast,11-50 EMPLOYEES,"Coast is re-imagining B2B payments, beginning with fleet and fuel",Sales Manager,New York City ‚Ä¢ $70k ‚Äì $90k AngelList Est.,Medium,True,1,0,0,False,True,False,35
DarkHorse,11-50 EMPLOYEES,"Sports Technology, AI/ML Computer Vision, Wearable, SaaS, Analytics",SportsOS Communications Lead,Palo Alto ‚Ä¢ $72k ‚Äì $72k ‚Ä¢ 0.0% ‚Äì 3.0%,Medium,True,1,0,0,False,True,False,35
DarkHorse,11-50 EMPLOYEES,"Sports Technology, AI/ML Computer Vision, Wearable, SaaS, Analytics",Senior Software Engineer,Palo Alto ‚Ä¢ Redwood City ‚Ä¢ San Fransisco ‚Ä¢ $45k ‚Äì $80k ‚Ä¢ 0.0% ‚Äì 3.0%,Medium,True,0,1,0,True,False,False,35
DarkHorse,11-50 EMPLOYEES,"Sports Technology, AI/ML Computer Vision, Wearable, SaaS, Analytics",Quality Analyst Engineer,Palo Alto ‚Ä¢ Remote possible ‚Ä¢ $10k ‚Äì $40k ‚Ä¢ No equity,Medium,True,0,1,0,True,False,False,35
Vinebase,11-50 EMPLOYEES,Building the future of wine online,"Business Development, Wineries",Austin ‚Ä¢ Portland ‚Ä¢ San Francisco ‚Ä¢ Remote possible ‚Ä¢ $50k ‚Äì $100k ‚Ä¢ 0.1% ‚Äì 0.5%,Medium,True,0,0,0,False,False,True,35
Vinebase,11-50 EMPLOYEES,Building the future of wine online,"Growth Marketing, Consumer",Austin ‚Ä¢ New York City ‚Ä¢ San Francisco ‚Ä¢ Remote possible ‚Ä¢ $80k ‚Äì $150k ‚Ä¢ 0.1% ‚Äì 2.0%,Medium,True,0,0,0,False,False,True,35
Vinebase,11-50 EMPLOYEES,Building the future of wine online,"Product Designer, Consumer",Austin ‚Ä¢ New York City ‚Ä¢ San Francisco ‚Ä¢ Remote possible ‚Ä¢ $100k ‚Äì $150k ‚Ä¢ 0.1% ‚Äì 2.0%,Medium,True,0,0,0,False,False,True,35
The Black Tux,201-500 EMPLOYEES,"Tuxedos and suits, for rent and for keeps",Head of Consumer Insights,Remote possible,X-Large,False,1,0,0,False,True,False,350
Skydog Ops,1-10 EMPLOYEES,On-Demand Salesforce + Revenue Ops Consulting,Salesforce + RevOps Consultant | Work with High-Growth Startups,Remote possible ‚Ä¢ $68k ‚Äì $100k,Small,False,0,0,0,False,False,True,5
Karat,51-200 EMPLOYEES,"We help companies hire smarter and grow faster, and create more opportunities for software engineers",Recruiting Operations Manager,Seattle ‚Ä¢ Remote possible ‚Ä¢ $70k ‚Äì $105k AngelList Est.,Large,True,1,0,0,False,True,False,125
Karat,51-200 EMPLOYEES,"We help companies hire smarter and grow faster, and create more opportunities for software engineers",Senior Technical Sourcer,Seattle ‚Ä¢ Remote possible ‚Ä¢ $65k ‚Äì $115k AngelList Est.,Large,True,0,0,0,False,False,True,125
Karat,51-200 EMPLOYEES,"We help companies hire smarter and grow faster, and create more opportunities for software engineers",Market Development Representative,Seattle ‚Ä¢ Remote possible ‚Ä¢ $60k ‚Äì $90k AngelList Est.,Large,True,0,0,0,False,False,True,125
PredictSpring,11-50 EMPLOYEES,Modern POS,Regional Vice President of Sales: West,California ‚Ä¢ Los Altos ‚Ä¢ $145k ‚Äì $190k AngelList Est.,Medium,True,1,0,0,False,True,False,35
PredictSpring,11-50 EMPLOYEES,Modern POS,VP of Product Management,California ‚Ä¢ Los Altos ‚Ä¢ $150k ‚Äì $185k AngelList Est.,Medium,True,1,0,0,False,True,False,35
PredictSpring,11-50 EMPLOYEES,Modern POS,Principal UX Designer,California ‚Ä¢ Los Altos,Medium,True,0,0,0,False,False,True,35
NewStore,51-200 EMPLOYEES,Combining intuitive iPhone applications with real-time visibility into all your back-end data,Marketing Manager,Boston ‚Ä¢ United States ‚Ä¢ $105k ‚Äì $145k AngelList Est.,Large,True,1,0,0,False,True,False,125
NewStore,51-200 EMPLOYEES,Combining intuitive iPhone applications with real-time visibility into all your back-end data,Content Marketing Manager,Boston ‚Ä¢ United States ‚Ä¢ $105k ‚Äì $145k AngelList Est.,Large,True,1,0,0,False,True,False,125
NewStore,51-200 EMPLOYEES,Combining intuitive iPhone applications with real-time visibility into all your back-end data,"Senior Account Executive, Northern Europe",Boston ‚Ä¢ Berlin ‚Ä¢ Remote possible ‚Ä¢ $90k ‚Äì $115k AngelList Est.,Large,True,0,0,0,False,False,True,125
Instawork,51-200 EMPLOYEES,Where local businesses and talent find each other,"Director of Marketing (Open to: LA, SF, Chi, NYC, Miami)",Chicago ‚Ä¢ Los Angeles ‚Ä¢ Miami ‚Ä¢ New York City ‚Ä¢ Phoenix ‚Ä¢ More ‚Ä¢ Remote possible,Large,True,1,1,1,False,False,False,125
Instawork,51-200 EMPLOYEES,Where local businesses and talent find each other,"Product Marketing Manager, Consumer (Open to: SF, LA, CHI, NY, MIA)",Los Angeles,Large,True,1,0,0,False,True,False,125
Instawork,51-200 EMPLOYEES,Where local businesses and talent find each other,Lead Technical Recruiter,Chicago ‚Ä¢ Los Angeles ‚Ä¢ Miami ‚Ä¢ New York City ‚Ä¢ Phoenix ‚Ä¢ More ‚Ä¢ Remote possible,Large,True,1,0,0,False,True,False,125
Spire,201-500 EMPLOYEES,Data & Analytics from Orbit,"Senior Software Engineer, Constellation Services",Washington DC ‚Ä¢ $130k ‚Äì $175k AngelList Est.,X-Large,True,0,1,0,True,False,False,350
Spire,201-500 EMPLOYEES,Data & Analytics from Orbit,Applied Research Scientist,Boulder ‚Ä¢ $110k ‚Äì $140k AngelList Est.,X-Large,True,0,1,0,True,False,False,350
Spire,201-500 EMPLOYEES,Data & Analytics from Orbit,Space Services Customer Success Engineer,United States ‚Ä¢ Remote possible,X-Large,True,0,1,0,True,False,False,350
Lookout,201-500 EMPLOYEES,Securing the post-perimeter world to enable enterprises to protect data from threats,"Senior Software Engineer - (Ruby on Rails/Java, API Design)",Canada ‚Ä¢ Toronto ‚Ä¢ Remote possible,X-Large,True,0,1,0,True,False,False,350
Lookout,201-500 EMPLOYEES,Securing the post-perimeter world to enable enterprises to protect data from threats,"Senior Software Engineer - (Ruby on Rails/Java, API Design)",Canada ‚Ä¢ Remote possible,X-Large,True,0,1,0,True,False,False,350
Lookout,201-500 EMPLOYEES,Securing the post-perimeter world to enable enterprises to protect data from threats,Senior Engineering Manager - Enterprise Backend Services,Boston ‚Ä¢ $125k ‚Äì $175k AngelList Est.,X-Large,True,1,1,1,False,False,False,350
Loom,51-200 EMPLOYEES,"Loom is the most effective way to get your message across, no matter where you work",Sales Development Manager,United States ‚Ä¢ $110k ‚Äì $170k AngelList Est.,Large,True,1,0,0,False,True,False,125
Loom,51-200 EMPLOYEES,"Loom is the most effective way to get your message across, no matter where you work",Technical Support Engineer,United States ‚Ä¢ $115k ‚Äì $155k AngelList Est.,Large,True,0,1,0,True,False,False,125
Loom,51-200 EMPLOYEES,"Loom is the most effective way to get your message across, no matter where you work","Director, Sales Operations and Strategy",United States ‚Ä¢ $145k ‚Äì $190k AngelList Est.,Large,True,1,1,1,False,False,False,125
PlanetScale,11-50 EMPLOYEES,Provides enterprise support for Vitess and hosts a multi-cloud SQL-compliant DBaaS based on Vitess,Marketing Program Manager,United States ‚Ä¢ Remote possible ‚Ä¢ $80k ‚Äì $110k AngelList Est.,Medium,True,1,0,0,False,True,False,35
PlanetScale,11-50 EMPLOYEES,Provides enterprise support for Vitess and hosts a multi-cloud SQL-compliant DBaaS based on Vitess,Solutions Engineer,United States ‚Ä¢ Remote possible ‚Ä¢ $70k ‚Äì $105k AngelList Est.,Medium,True,0,1,0,True,False,False,35
PlanetScale,11-50 EMPLOYEES,Provides enterprise support for Vitess and hosts a multi-cloud SQL-compliant DBaaS based on Vitess,Enterprise Account Executive,United States ‚Ä¢ $100k ‚Äì $145k AngelList Est.,Medium,True,0,0,0,False,False,True,35
Prisma,11-50 EMPLOYEES,The data layer for modern applications,Developer Advocate (Frontend / Fullstack),San Francisco ‚Ä¢ Berlin ‚Ä¢ Remote possible ‚Ä¢ $70k ‚Äì $105k AngelList Est.,Medium,True,0,1,0,True,False,False,35
Prisma,11-50 EMPLOYEES,The data layer for modern applications,Growth Product Manager,San Francisco ‚Ä¢ Berlin ‚Ä¢ Remote possible ‚Ä¢ $100k ‚Äì $140k AngelList Est.,Medium,True,1,0,0,False,True,False,35
Prisma,11-50 EMPLOYEES,The data layer for modern applications,Developer Advocate (Backend),San Francisco ‚Ä¢ Berlin ‚Ä¢ Remote possible ‚Ä¢ $70k ‚Äì $105k AngelList Est.,Medium,True,0,1,0,True,False,False,35
coUrbanize,11-50 EMPLOYEES,Not enough people get to influence what‚Äôs built in their neighborhood. It's time to change that,Customer Success Operations Manager,Boston ‚Ä¢ Remote possible ‚Ä¢ $60k ‚Äì $70k ‚Ä¢ 0.0% ‚Äì 0.025%,Medium,True,1,0,0,False,True,False,35
CREAM and Partners,11-50 EMPLOYEES,New Age Incubator and Investment Firm of Blockchain and Cryptocurrency Projects,Investment Analyst/Associate,Remote possible,Medium,False,0,0,0,False,False,True,35
Altonomy,51-200 EMPLOYEES,Financial services for the Cryptocurrency industry,Blockchain Developer,Remote possible ‚Ä¢ $80k ‚Äì $120k ‚Ä¢ No equity,Large,False,0,1,0,True,False,False,125
Apollo.io,51-200 EMPLOYEES,Your complete sales and engagement strategy in one unified platform,"Multilingual Customer Support Representative - English, Spanish, Portuguese (Remote)",Brazil ‚Ä¢ Remote possible,Large,True,0,0,0,False,False,True,125
Apollo.io,51-200 EMPLOYEES,Your complete sales and engagement strategy in one unified platform,Customer Service Representative - Remote,Philippines ‚Ä¢ Remote possible,Large,True,0,0,0,False,False,True,125
Apollo.io,51-200 EMPLOYEES,Your complete sales and engagement strategy in one unified platform,Customer Service Representative - Remote,Colombia ‚Ä¢ Remote possible,Large,True,0,0,0,False,False,True,125
Cadoo,1-10 EMPLOYEES,We help people reach their fitness goals using financial incentives,Retention Marketer/Content Creator,San Francisco ‚Ä¢ Remote possible ‚Ä¢ $60k ‚Äì $100k ‚Ä¢ 0.1% ‚Äì 1.0%,Small,True,0,0,0,False,False,True,5
Cadoo,1-10 EMPLOYEES,We help people reach their fitness goals using financial incentives,Senior Backend Developer,San Fransisco ‚Ä¢ Remote possible ‚Ä¢ $90k ‚Äì $150k ‚Ä¢ 0.01% ‚Äì 1.5%,Small,True,0,1,0,True,False,False,5
Plivo,51-200 EMPLOYEES,API platform for Voice call & SMS,Senior Communications Manager - Solutions,United States ‚Ä¢ Remote possible ‚Ä¢ $85k ‚Äì $115k AngelList Est.,Large,True,1,0,0,False,True,False,125
Plivo,51-200 EMPLOYEES,API platform for Voice call & SMS,Senior Sales Engineer - Solutions,United States ‚Ä¢ Remote possible ‚Ä¢ $80k ‚Äì $115k AngelList Est.,Large,True,0,1,0,True,False,False,125
Plivo,51-200 EMPLOYEES,API platform for Voice call & SMS,Senior Communications Manager - API Platform,United States ‚Ä¢ Remote possible ‚Ä¢ $85k ‚Äì $115k AngelList Est.,Large,True,1,0,0,False,True,False,125
Remote,201-500 EMPLOYEES,"Remote allows companies to employ anyone, anywhere","Manager, Corporate FP&A",United States ‚Ä¢ $100k ‚Äì $130k AngelList Est.,X-Large,True,1,0,0,False,True,False,350
Remote,201-500 EMPLOYEES,"Remote allows companies to employ anyone, anywhere","Senior Accountant, Payroll",United States ‚Ä¢ $100k ‚Äì $130k AngelList Est.,X-Large,True,0,0,0,False,False,True,350
Remote,201-500 EMPLOYEES,"Remote allows companies to employ anyone, anywhere","Sr Manager, Payroll Accounting",United States ‚Ä¢ $100k ‚Äì $130k AngelList Est.,X-Large,True,1,0,0,False,True,False,350
TigerConnect,51-200 EMPLOYEES,"Care team collaboration, patient communication and information at your fingertips","Sr. Manager, Technical Implementation",Santa Monica ‚Ä¢ Remote possible ‚Ä¢ $150k ‚Äì $195k AngelList Est.,Large,True,1,0,0,False,True,False,125
TigerConnect,51-200 EMPLOYEES,"Care team collaboration, patient communication and information at your fingertips",Sr. Technical Recruiter,Santa Monica ‚Ä¢ Remote possible ‚Ä¢ $105k ‚Äì $145k AngelList Est.,Large,True,0,0,0,False,False,True,125
TigerConnect,51-200 EMPLOYEES,"Care team collaboration, patient communication and information at your fingertips",Deal Desk Specialist,Mexico ‚Ä¢ Guadalajara ‚Ä¢ Remote possible,Large,True,0,0,0,False,False,True,125
CrowdComfort,1-10 EMPLOYEES,Waze for Buildings,Senior Sales Executive,Boston ‚Ä¢ Massachusetts ‚Ä¢ $250k ‚Äì $300k ‚Ä¢ 0.25% ‚Äì 0.5%,Small,True,0,0,0,False,False,True,5
CrowdComfort,1-10 EMPLOYEES,Waze for Buildings,Customer Success Manager,Boston ‚Ä¢ $75k ‚Äì $100k ‚Ä¢ 0.1% ‚Äì 0.25%,Small,True,1,0,0,False,True,False,5
CrowdComfort,1-10 EMPLOYEES,Waze for Buildings,Inside Sales Representative,Boston ‚Ä¢ Massachusetts ‚Ä¢ Remote possible ‚Ä¢ $100k ‚Äì $150k ‚Ä¢ 0.012% ‚Äì 0.025%,Small,True,0,0,0,False,False,True,5
Visible,11-50 EMPLOYEES,"Update investors, raise capital and track metrics from a single platform",Founder Success Manager,Chicago ‚Ä¢ Miami ‚Ä¢ Fort Collins ‚Ä¢ Remote possible ‚Ä¢ $60k ‚Äì $80k ‚Ä¢ 0.05% ‚Äì 0.25%,Medium,True,1,0,0,False,True,False,35
isee ai,11-50 EMPLOYEES,An ai platform focused on building the road to a fully autonomous future,Principal Perception Engineer,Boston ‚Ä¢ Cambridge ‚Ä¢ Remote possible ‚Ä¢ $160k ‚Äì $200k AngelList Est.,Medium,True,0,1,0,True,False,False,35
isee ai,11-50 EMPLOYEES,An ai platform focused on building the road to a fully autonomous future,Service Desk Lead,Boston ‚Ä¢ Cambridge ‚Ä¢ Remote possible,Medium,True,1,0,0,False,True,False,35
isee ai,11-50 EMPLOYEES,An ai platform focused on building the road to a fully autonomous future,Staff Test Engineer - Testing Tools and Methods,Boston ‚Ä¢ Cambridge ‚Ä¢ Remote possible ‚Ä¢ $75k ‚Äì $130k AngelList Est.,Medium,True,0,1,0,True,False,False,35
Kisi,51-200 EMPLOYEES,Modern door security for facilities where the future is made on demand,Business Development Representative (Junior SaaS Sales Program),Brooklyn ‚Ä¢ Remote possible ‚Ä¢ $50k ‚Äì $60k ‚Ä¢ No equity,Large,True,0,0,0,False,False,True,125
Kisi,51-200 EMPLOYEES,Modern door security for facilities where the future is made on demand,Account Executive,Brooklyn ‚Ä¢ Remote possible ‚Ä¢ $57k ‚Äì $80k,Large,True,0,0,0,False,False,True,125
